ptp,counterbalancing,condition,hidden_pa_img_row_number_across_blocks,mouse_error_mean,mouse_error_sd,mouse_error_n,border_dist_closest,hidden_pa_img_type
sub_001,cb5,schema_c,1,233.76113262816807,86.91365202066119,6,all,all
sub_001,cb5,schema_c,2,82.13488678071892,89.59379671001525,6,all,all
sub_001,cb5,schema_c,3,37.62469758094429,24.585777525316157,6,all,all
sub_001,cb5,schema_c,4,73.23220918518653,102.43315215802865,6,all,all
sub_001,cb5,schema_c,5,37.6950856014296,12.547724853312387,6,all,all
sub_001,cb5,schema_c,6,27.202128268965204,14.3319013693186,6,all,all
sub_001,cb5,schema_c,7,27.13791424257901,23.050624576533107,6,all,all
sub_001,cb5,schema_c,8,32.58015775587173,11.749987038987436,6,all,all
sub_001,cb5,schema_ic,1,171.66749026381487,47.016122918490595,6,all,all
sub_001,cb5,schema_ic,2,89.09088802819711,80.34289327548316,6,all,all
sub_001,cb5,schema_ic,3,60.290684861170504,48.239153736609175,6,all,all
sub_001,cb5,schema_ic,4,39.9461833625596,44.617294345093406,6,all,all
sub_001,cb5,schema_ic,5,31.058206663102432,20.09801959411444,6,all,all
sub_001,cb5,schema_ic,6,20.804346482637875,8.446635950211663,6,all,all
sub_001,cb5,schema_ic,7,16.05798205631617,10.271705077240965,6,all,all
sub_001,cb5,schema_ic,8,12.47398959133331,11.990784310017181,6,all,all
sub_001,cb5,schema_l,1,154.32464187583133,64.24298420877967,6,all,all
sub_001,cb5,schema_l,2,63.14141067819302,23.087560768845954,6,all,all
sub_001,cb5,schema_l,3,51.79047258736932,59.51164196765339,6,all,all
sub_001,cb5,schema_l,4,73.64328307759506,73.06637851801382,6,all,all
sub_001,cb5,schema_l,5,32.14294370430368,16.83599290805818,6,all,all
sub_001,cb5,schema_l,6,31.982984072109435,25.05818935968162,6,all,all
sub_001,cb5,schema_l,7,29.327490749714233,14.402960086882816,6,all,all
sub_001,cb5,schema_l,8,47.148302527175794,46.812156789032045,6,all,all
sub_001,cb5,random_loc,1,188.47196226305948,75.86091373308601,6,all,all
sub_001,cb5,random_loc,2,76.19388523555982,70.32008827011568,6,all,all
sub_001,cb5,random_loc,3,68.78668634434683,49.48267731420554,6,all,all
sub_001,cb5,random_loc,4,64.73724300389718,54.28957906882031,6,all,all
sub_001,cb5,random_loc,5,49.200125392085134,28.449070235214602,6,all,all
sub_001,cb5,random_loc,6,32.128753030296124,10.171414307532281,6,all,all
sub_001,cb5,random_loc,7,56.20873564462286,29.752827357142667,6,all,all
sub_001,cb5,random_loc,8,59.40602029077513,42.332868966311146,6,all,all
sub_001,cb5,no_schema,1,133.89280976123115,51.23616756047119,6,all,all
sub_001,cb5,no_schema,2,184.53534133939309,108.62108596767837,6,all,all
sub_001,cb5,no_schema,3,153.08221538392363,91.25403887211448,6,all,all
sub_001,cb5,no_schema,4,158.50817675299515,120.24535958061409,6,all,all
sub_001,cb5,no_schema,5,36.74771070289166,21.141910282877877,6,all,all
sub_001,cb5,no_schema,6,79.62862881578252,78.01018949916322,6,all,all
sub_001,cb5,no_schema,7,86.48657301278298,102.6754598816038,6,all,all
sub_001,cb5,no_schema,8,69.06619837288683,71.4506372537979,6,all,all
sub_002,cb3,schema_c,1,157.1757215342269,75.59542570756528,6,all,all
sub_002,cb3,schema_c,2,138.35643434966826,106.75105265068323,6,all,all
sub_002,cb3,schema_c,3,134.01110701696513,112.63679805453835,6,all,all
sub_002,cb3,schema_c,4,54.12285475478709,57.50091610143696,6,all,all
sub_002,cb3,schema_c,5,28.991568527217524,12.414998424156504,6,all,all
sub_002,cb3,schema_c,6,28.019692934684123,19.22668354368593,6,all,all
sub_002,cb3,schema_c,7,29.262890436431615,12.875431855940356,6,all,all
sub_002,cb3,schema_c,8,24.376762474624265,10.278549614645469,6,all,all
sub_002,cb3,schema_ic,1,175.09892387962748,67.08707592375863,6,all,all
sub_002,cb3,schema_ic,2,170.3303600565316,141.22858965230526,6,all,all
sub_002,cb3,schema_ic,3,37.95643408090857,37.37742751713156,6,all,all
sub_002,cb3,schema_ic,4,30.869867371630853,27.45118189102171,6,all,all
sub_002,cb3,schema_ic,5,31.34342344106129,12.66717645956069,6,all,all
sub_002,cb3,schema_ic,6,38.64837025919135,21.439916339263014,6,all,all
sub_002,cb3,schema_ic,7,42.3243893895404,46.248376905871254,6,all,all
sub_002,cb3,schema_ic,8,27.40092300566637,9.74761124396297,6,all,all
sub_002,cb3,schema_l,1,214.11672598683936,101.7529441535008,6,all,all
sub_002,cb3,schema_l,2,86.42517999920442,24.086150655013867,6,all,all
sub_002,cb3,schema_l,3,109.93436762992702,60.037203984388086,6,all,all
sub_002,cb3,schema_l,4,81.29509636978527,48.74334291127507,6,all,all
sub_002,cb3,schema_l,5,92.14036457673963,57.41520764999431,6,all,all
sub_002,cb3,schema_l,6,69.13351959997377,79.53635746913112,6,all,all
sub_002,cb3,schema_l,7,85.80164812562583,87.2856793833038,6,all,all
sub_002,cb3,schema_l,8,43.88587207546061,48.21769362056417,6,all,all
sub_002,cb3,random_loc,1,156.92848022711593,62.47243670629942,6,all,all
sub_002,cb3,random_loc,2,123.26265508248002,63.77201008369136,6,all,all
sub_002,cb3,random_loc,3,37.537369387340604,21.88302230194387,6,all,all
sub_002,cb3,random_loc,4,79.2733499319875,90.12137176811143,6,all,all
sub_002,cb3,random_loc,5,66.8161716465532,31.137884015959838,6,all,all
sub_002,cb3,random_loc,6,122.22319431698405,86.41275519757872,6,all,all
sub_002,cb3,random_loc,7,83.81702315678176,57.89487922654276,6,all,all
sub_002,cb3,random_loc,8,49.5426297071054,39.89859406343693,6,all,all
sub_002,cb3,no_schema,1,188.26156944301553,111.01174058621977,6,all,all
sub_002,cb3,no_schema,2,78.68668916931911,103.37794449274051,6,all,all
sub_002,cb3,no_schema,3,26.983010706596996,19.56898771802442,6,all,all
sub_002,cb3,no_schema,4,20.360834848454484,14.336730557827265,6,all,all
sub_002,cb3,no_schema,5,22.03560616269858,10.268614498067043,6,all,all
sub_002,cb3,no_schema,6,29.81442013031225,22.170105563818645,6,all,all
sub_002,cb3,no_schema,7,22.209326748321292,15.199270111506827,6,all,all
sub_002,cb3,no_schema,8,27.742140340370153,24.25678332263437,6,all,all
sub_003,cb2,schema_c,1,206.7387323471705,143.46185461402783,6,all,all
sub_003,cb2,schema_c,2,89.29795811625249,53.73556477172333,6,all,all
sub_003,cb2,schema_c,3,67.68576705000791,70.22700254486823,6,all,all
sub_003,cb2,schema_c,4,41.69027318577105,38.26432860183736,6,all,all
sub_003,cb2,schema_c,5,36.63448659519493,30.0629415577091,6,all,all
sub_003,cb2,schema_c,6,21.331669657993423,11.171421276504809,6,all,all
sub_003,cb2,schema_c,7,33.28599136611649,11.127253450166199,6,all,all
sub_003,cb2,schema_c,8,34.91038832430895,17.219383823749254,6,all,all
sub_003,cb2,schema_ic,1,174.99498937241228,112.40128691613161,6,all,all
sub_003,cb2,schema_ic,2,157.72076922366966,119.17462425574821,6,all,all
sub_003,cb2,schema_ic,3,128.88285887099357,105.03184776071885,6,all,all
sub_003,cb2,schema_ic,4,70.20478022096103,56.735098581084415,6,all,all
sub_003,cb2,schema_ic,5,42.0905823528549,18.33706935385627,6,all,all
sub_003,cb2,schema_ic,6,21.822221951954923,13.006751337511934,6,all,all
sub_003,cb2,schema_ic,7,27.657155482532502,27.10669022919224,6,all,all
sub_003,cb2,schema_ic,8,27.30541937542638,19.643730023136314,6,all,all
sub_003,cb2,schema_l,1,172.86867083165853,73.76134770879791,6,all,all
sub_003,cb2,schema_l,2,179.3408069816741,64.66983064642787,6,all,all
sub_003,cb2,schema_l,3,103.119987475677,74.59748947895515,6,all,all
sub_003,cb2,schema_l,4,65.33805183671902,42.43352987982525,6,all,all
sub_003,cb2,schema_l,5,35.203144779515874,17.792245406420527,6,all,all
sub_003,cb2,schema_l,6,38.58985799334941,16.498611275107706,6,all,all
sub_003,cb2,schema_l,7,29.26710492816051,20.08898174104926,6,all,all
sub_003,cb2,schema_l,8,37.37201090484412,23.286238759344855,6,all,all
sub_003,cb2,random_loc,1,167.24404318215028,91.43519201223042,6,all,all
sub_003,cb2,random_loc,2,137.2708722319081,89.69597595900485,6,all,all
sub_003,cb2,random_loc,3,106.93850547925592,64.15676557655294,6,all,all
sub_003,cb2,random_loc,4,59.22207762449609,40.01417096373204,6,all,all
sub_003,cb2,random_loc,5,61.61015151193159,43.506149893103434,6,all,all
sub_003,cb2,random_loc,6,24.433663889428097,14.81052740232884,6,all,all
sub_003,cb2,random_loc,7,25.849864285818676,14.125477297942602,6,all,all
sub_003,cb2,random_loc,8,43.591364692235175,37.68456843764099,6,all,all
sub_003,cb2,no_schema,1,132.64201005103732,62.67139260035993,6,all,all
sub_003,cb2,no_schema,2,84.78268644632107,73.64378761414702,6,all,all
sub_003,cb2,no_schema,3,60.85234170633486,36.55395902019888,6,all,all
sub_003,cb2,no_schema,4,30.77528649498388,16.519910299569524,6,all,all
sub_003,cb2,no_schema,5,32.695262298715214,14.06945973680872,6,all,all
sub_003,cb2,no_schema,6,30.552184172383836,17.508692774730918,6,all,all
sub_003,cb2,no_schema,7,18.285151874545335,8.706701415208956,6,all,all
sub_003,cb2,no_schema,8,22.143949750846122,8.890946757361142,6,all,all
sub_004,cb1,schema_c,1,205.69970181649504,49.10015675789102,6,all,all
sub_004,cb1,schema_c,2,162.07097622541497,101.48381422038315,6,all,all
sub_004,cb1,schema_c,3,123.78292652889975,97.95340770719848,6,all,all
sub_004,cb1,schema_c,4,99.41587000996722,55.20726115935294,6,all,all
sub_004,cb1,schema_c,5,57.46965423799211,59.602561158411646,6,all,all
sub_004,cb1,schema_c,6,100.2830892863987,66.85058313384302,6,all,all
sub_004,cb1,schema_c,7,127.93119137434063,89.41141783784462,6,all,all
sub_004,cb1,schema_c,8,34.51753293782702,10.734073801994722,6,all,all
sub_004,cb1,schema_ic,1,154.64326026766207,76.08947464051248,6,all,all
sub_004,cb1,schema_ic,2,91.30361511395732,135.78306145123645,6,all,all
sub_004,cb1,schema_ic,3,100.47404181796776,36.5120903460341,6,all,all
sub_004,cb1,schema_ic,4,98.8427474412585,107.75424745892731,6,all,all
sub_004,cb1,schema_ic,5,59.391860257879564,20.064368508718267,6,all,all
sub_004,cb1,schema_ic,6,115.47475427951252,71.33611750317563,6,all,all
sub_004,cb1,schema_ic,7,90.77007500762281,69.29617655462194,6,all,all
sub_004,cb1,schema_ic,8,114.02685839328043,115.97055656274985,6,all,all
sub_004,cb1,schema_l,1,163.63667945613093,91.5657164453135,6,all,all
sub_004,cb1,schema_l,2,137.24311280008573,109.18346693061798,6,all,all
sub_004,cb1,schema_l,3,121.83758852395509,95.54151017468114,6,all,all
sub_004,cb1,schema_l,4,124.36515107903845,79.75127758075944,6,all,all
sub_004,cb1,schema_l,5,136.9505056755748,105.66224388826427,6,all,all
sub_004,cb1,schema_l,6,155.60684168287528,57.96695265437467,6,all,all
sub_004,cb1,schema_l,7,160.15805253491897,104.55053186916065,6,all,all
sub_004,cb1,schema_l,8,120.77300118974702,63.62169036266996,6,all,all
sub_004,cb1,random_loc,1,158.93578949913538,75.61505875550534,6,all,all
sub_004,cb1,random_loc,2,139.56582317556717,78.66358136168392,6,all,all
sub_004,cb1,random_loc,3,129.31361114567005,101.43596710740432,6,all,all
sub_004,cb1,random_loc,4,118.71307108334616,59.92424852100501,6,all,all
sub_004,cb1,random_loc,5,143.83951180122654,71.1401654819306,6,all,all
sub_004,cb1,random_loc,6,131.83131952341813,119.70355064621938,6,all,all
sub_004,cb1,random_loc,7,108.67994196257048,94.74681637959905,6,all,all
sub_004,cb1,random_loc,8,117.50044797035132,83.42794722498452,6,all,all
sub_004,cb1,no_schema,1,170.6456838625917,115.23070280826539,6,all,all
sub_004,cb1,no_schema,2,113.24773960810407,115.13561207632831,6,all,all
sub_004,cb1,no_schema,3,196.45565807002663,105.14853051532397,6,all,all
sub_004,cb1,no_schema,4,124.52642631943588,97.1396592671439,6,all,all
sub_004,cb1,no_schema,5,101.88723756357763,89.60538159508278,6,all,all
sub_004,cb1,no_schema,6,143.91366637858638,120.73778770613698,6,all,all
sub_004,cb1,no_schema,7,101.37377869992936,80.59938393264545,6,all,all
sub_004,cb1,no_schema,8,113.77456044981668,70.92735067056925,6,all,all
sub_001,cb5,schema_c,1,201.06534481984602,156.06426558951867,2,all,far
sub_001,cb5,schema_c,2,149.96126657737383,159.91138271574852,2,all,far
sub_001,cb5,schema_c,3,21.096478866634296,16.047579347125026,2,all,far
sub_001,cb5,schema_c,4,21.27475006162404,5.9025027466172775,2,all,far
sub_001,cb5,schema_c,5,29.596257000038513,3.2627882582710983,2,all,far
sub_001,cb5,schema_c,6,43.468445581213444,13.62999437084032,2,all,far
sub_001,cb5,schema_c,7,35.24787237670603,12.188396320839619,2,all,far
sub_001,cb5,schema_c,8,34.32567462128862,3.4735633907867265,2,all,far
sub_001,cb5,schema_c,1,219.16758253771587,41.51322694130877,2,all,near
sub_001,cb5,schema_c,2,47.69499577308999,27.454564526567335,2,all,near
sub_001,cb5,schema_c,3,57.53592620629373,35.6042079409364,2,all,near
sub_001,cb5,schema_c,4,32.71315783902222,NA,2,all,near
sub_001,cb5,schema_c,5,38.5247376382412,12.416170373466938,2,all,near
sub_001,cb5,schema_c,6,19.746965987759665,0.6795406464071727,2,all,near
sub_001,cb5,schema_c,7,10.68467849486773,8.568139988131371,2,all,near
sub_001,cb5,schema_c,8,30.99104015409168,18.97049926250091,2,all,near
sub_001,cb5,schema_ic,1,122.89822183859968,37.65366748637107,2,all,far
sub_001,cb5,schema_ic,2,34.53520448069449,3.677562413712933,2,all,far
sub_001,cb5,schema_ic,3,34.95750484633519,0.9368816309539486,2,all,far
sub_001,cb5,schema_ic,4,30.125762840696325,27.584888098119173,2,all,far
sub_001,cb5,schema_ic,5,50.21943350813454,13.063689030959921,2,all,far
sub_001,cb5,schema_ic,6,21.567828716609558,13.993431629000083,2,all,far
sub_001,cb5,schema_ic,7,11.994459143211508,11.472567806606126,2,all,far
sub_001,cb5,schema_ic,8,17.299164136608177,21.58910755920435,2,all,far
sub_001,cb5,schema_ic,1,189.13182970383593,44.1070272678941,2,all,near
sub_001,cb5,schema_ic,2,124.54075873915374,53.35258727563397,2,all,near
sub_001,cb5,schema_ic,3,58.01561269494297,5.220654739885201,2,all,near
sub_001,cb5,schema_ic,4,16.4397547887346,20.35205563634542,2,all,near
sub_001,cb5,schema_ic,5,18.712583735193753,21.83160068705609,2,all,near
sub_001,cb5,schema_ic,6,19.464617188120393,9.206531599478708,2,all,near
sub_001,cb5,schema_ic,7,14.713208747998012,14.147070202978895,2,all,near
sub_001,cb5,schema_ic,8,5.589422539735273,5.778804374344433,2,all,near
sub_001,cb5,schema_l,1,147.0339679617484,96.76711858299234,2,all,far
sub_001,cb5,schema_l,2,53.38999653635566,5.682351863768543,2,all,far
sub_001,cb5,schema_l,3,30.705532387887324,13.103697743790399,2,all,far
sub_001,cb5,schema_l,4,129.21860163864446,93.28201763531081,2,all,far
sub_001,cb5,schema_l,5,52.66207939648977,6.229636448736543,2,all,far
sub_001,cb5,schema_l,6,31.995356235176324,3.713329607796717,2,all,far
sub_001,cb5,schema_l,7,19.713611232278268,8.567979480192319,2,all,far
sub_001,cb5,schema_l,8,89.8347882082849,67.50629961828011,2,all,far
sub_001,cb5,schema_l,1,174.05072405066892,48.287495455511305,2,all,near
sub_001,cb5,schema_l,2,90.19597178026481,19.28257702480618,2,all,near
sub_001,cb5,schema_l,3,95.11012078577733,108.78162281938951,2,all,near
sub_001,cb5,schema_l,4,75.62058393058142,70.85950403429321,2,all,near
sub_001,cb5,schema_l,5,19.05334580541616,8.359692262798626,2,all,near
sub_001,cb5,schema_l,6,43.51046373602722,43.94703935923278,2,all,near
sub_001,cb5,schema_l,7,37.26776541073122,7.603958677665578,2,all,near
sub_001,cb5,schema_l,8,32.636465867661265,13.18330123027601,2,all,near
sub_002,cb3,schema_c,1,164.74890272461886,48.67072462041196,2,all,far
sub_002,cb3,schema_c,2,205.471103813632,205.3931256839506,2,all,far
sub_002,cb3,schema_c,3,221.94414673192307,119.6940957018558,2,all,far
sub_002,cb3,schema_c,4,113.47062660270197,58.506384307938426,2,all,far
sub_002,cb3,schema_c,5,43.12812559097202,8.850262652966947,2,all,far
sub_002,cb3,schema_c,6,50.856701273791565,11.221996440226992,2,all,far
sub_002,cb3,schema_c,7,45.93160902384687,NA,2,all,far
sub_002,cb3,schema_c,8,30.269696092520284,10.662338155429929,2,all,far
sub_002,cb3,schema_c,1,128.43761708459286,144.4281608629468,2,all,near
sub_002,cb3,schema_c,2,112.70868930005949,32.08061548685666,2,all,near
sub_002,cb3,schema_c,3,109.84501665836325,147.43839813847015,2,all,near
sub_002,cb3,schema_c,4,14.171612888773968,5.096127574119935,2,all,near
sub_002,cb3,schema_c,5,19.252543098004722,0.9135280560420004,2,all,near
sub_002,cb3,schema_c,6,20.57027246862928,6.6644126615133095,2,all,near
sub_002,cb3,schema_c,7,29.19071237499719,15.756416933129369,2,all,near
sub_002,cb3,schema_c,8,24.42732095223229,9.232339745887892,2,all,near
sub_002,cb3,schema_ic,1,146.41211336177403,76.35841206807372,2,all,far
sub_002,cb3,schema_ic,2,177.27491266664254,53.43603442199111,2,all,far
sub_002,cb3,schema_ic,3,68.03612302024166,57.66142363338571,2,all,far
sub_002,cb3,schema_ic,4,51.17047924730766,47.681601051992786,2,all,far
sub_002,cb3,schema_ic,5,41.273157276823895,20.7357378331422,2,all,far
sub_002,cb3,schema_ic,6,61.52723096297707,24.773638645476336,2,all,far
sub_002,cb3,schema_ic,7,83.93507151327574,69.46654149158617,2,all,far
sub_002,cb3,schema_ic,8,36.23164567085196,9.338284138071414,2,all,far
sub_002,cb3,schema_ic,1,160.71346700745949,45.09879977531026,2,all,near
sub_002,cb3,schema_ic,2,17.69962547168412,8.758079847391437,2,all,near
sub_002,cb3,schema_ic,3,28.09877035858177,28.302286214375606,2,all,near
sub_002,cb3,schema_ic,4,27.67879894878682,7.477716816939383,2,all,near
sub_002,cb3,schema_ic,5,26.546549663767234,8.039362424181533,2,all,near
sub_002,cb3,schema_ic,6,27.255260744580355,4.387079869222445,2,all,near
sub_002,cb3,schema_ic,7,18.756836120648558,21.599933883587,2,all,near
sub_002,cb3,schema_ic,8,26.091656446703656,NA,2,all,near
sub_002,cb3,schema_l,1,127.56214376791957,54.96650206884886,2,all,far
sub_002,cb3,schema_l,2,112.33644314235612,6.002768466958601,2,all,far
sub_002,cb3,schema_l,3,118.23149431367804,13.906649478899038,2,all,far
sub_002,cb3,schema_l,4,76.6990193981591,51.32090331181987,2,all,far
sub_002,cb3,schema_l,5,98.10271157587039,68.50193141760826,2,all,far
sub_002,cb3,schema_l,6,138.47700011548983,122.83172746912254,2,all,far
sub_002,cb3,schema_l,7,170.6261326068975,125.8012222247717,2,all,far
sub_002,cb3,schema_l,8,79.3644759352797,70.26700729400929,2,all,far
sub_002,cb3,schema_l,1,176.8759729919895,10.382146321017798,2,all,near
sub_002,cb3,schema_l,2,71.41300280161448,3.982341355313053,2,all,near
sub_002,cb3,schema_l,3,48.084063066847676,20.891340644483826,2,all,near
sub_002,cb3,schema_l,4,37.68843237648463,4.550163289742696,2,all,near
sub_002,cb3,schema_l,5,53.643246602050354,30.622708794949183,2,all,near
sub_002,cb3,schema_l,6,37.349097495427614,44.091222919206004,2,all,near
sub_002,cb3,schema_l,7,43.07753333449783,15.3385209387179,2,all,near
sub_002,cb3,schema_l,8,20.36039850590756,12.902086122728582,2,all,near
sub_003,cb2,schema_c,1,152.50487143348712,109.16709228192721,2,all,far
sub_003,cb2,schema_c,2,56.583387978175885,70.11354946800319,2,all,far
sub_003,cb2,schema_c,3,48.761691579734325,55.40395881834998,2,all,far
sub_003,cb2,schema_c,4,65.13401362269816,68.86875614512017,2,all,far
sub_003,cb2,schema_c,5,72.10149436921938,13.673182827364572,2,all,far
sub_003,cb2,schema_c,6,17.981413270929558,2.6245404816394613,2,all,far
sub_003,cb2,schema_c,7,38.51527727824036,2.5758477323420066,2,all,far
sub_003,cb2,schema_c,8,43.3728771362249,31.304655676617266,2,all,far
sub_003,cb2,schema_c,1,197.97095137191386,67.33559671219747,2,all,near
sub_003,cb2,schema_c,2,127.59092756041272,55.87192982469897,2,all,near
sub_003,cb2,schema_c,3,143.77614375835523,52.51529520761158,2,all,near
sub_003,cb2,schema_c,4,41.56234688330093,17.170152937390913,2,all,near
sub_003,cb2,schema_c,5,18.01161127545605,0.3843531095117995,2,all,near
sub_003,cb2,schema_c,6,12.0133598094448,6.947248085875105,2,all,near
sub_003,cb2,schema_c,7,37.57928543877385,18.23502455746583,2,all,near
sub_003,cb2,schema_c,8,27.398465850109716,6.457139220258908,2,all,near
sub_003,cb2,schema_ic,1,96.2980138919011,60.11405252492943,2,all,far
sub_003,cb2,schema_ic,2,36.2733121430636,NA,2,all,far
sub_003,cb2,schema_ic,3,156.6036943271497,96.79838320548981,2,all,far
sub_003,cb2,schema_ic,4,76.42162142477353,NA,2,all,far
sub_003,cb2,schema_ic,5,31.972492602847666,2.077998686533281,2,all,far
sub_003,cb2,schema_ic,6,41.63911230835889,NA,2,all,far
sub_003,cb2,schema_ic,7,14.217263683974242,9.748716412955378,2,all,far
sub_003,cb2,schema_ic,8,41.4995189418339,5.3300797566519265,2,all,far
sub_003,cb2,schema_ic,1,113.35060937974134,13.03863729227945,2,all,near
sub_003,cb2,schema_ic,2,231.8536652809936,111.8264504600545,2,all,near
sub_003,cb2,schema_ic,3,81.34517264940467,98.85601905920609,2,all,near
sub_003,cb2,schema_ic,4,102.99763947402221,88.41457674793067,2,all,near
sub_003,cb2,schema_ic,5,41.246924744819246,25.57068153466909,2,all,near
sub_003,cb2,schema_ic,6,12.643691308176516,7.26302252262201,2,all,near
sub_003,cb2,schema_ic,7,57.862463451664674,28.78754943663268,2,all,near
sub_003,cb2,schema_ic,8,34.51736331945752,21.683504442367433,2,all,near
sub_003,cb2,schema_l,1,116.99827950224312,18.765194338800725,2,all,far
sub_003,cb2,schema_l,2,138.04037929854292,64.35439241242027,2,all,far
sub_003,cb2,schema_l,3,100.8558084169478,117.41762441674082,2,all,far
sub_003,cb2,schema_l,4,119.04502597437599,9.128439793483967,2,all,far
sub_003,cb2,schema_l,5,30.925959688219816,8.520042034413581,2,all,far
sub_003,cb2,schema_l,6,44.35780717703392,18.689160399363182,2,all,far
sub_003,cb2,schema_l,7,50.979753822887695,12.9380922804911,2,all,far
sub_003,cb2,schema_l,8,25.407361175911127,12.725219161043041,2,all,far
sub_003,cb2,schema_l,1,155.21237854458178,94.85430940395118,2,all,near
sub_003,cb2,schema_l,2,207.12953900078168,59.73954357107959,2,all,near
sub_003,cb2,schema_l,3,144.64495335357856,64.31112254591542,2,all,near
sub_003,cb2,schema_l,4,41.51493471648348,13.935128646906126,2,all,near
sub_003,cb2,schema_l,5,54.16492876528153,17.757594238453265,2,all,near
sub_003,cb2,schema_l,6,42.31147747519671,20.570492633027467,2,all,near
sub_003,cb2,schema_l,7,14.928547224280127,1.4385322305982526,2,all,near
sub_003,cb2,schema_l,8,49.242144010788735,39.20832884573225,2,all,near
sub_004,cb1,schema_c,1,254.57713616900168,6.797932999457726,2,all,far
sub_004,cb1,schema_c,2,56.96800802419286,7.946691864979564,2,all,far
sub_004,cb1,schema_c,3,61.396889060528395,9.254995432968865,2,all,far
sub_004,cb1,schema_c,4,110.25519598525881,35.27331753025616,2,all,far
sub_004,cb1,schema_c,5,106.56708014371901,102.00355764565408,2,all,far
sub_004,cb1,schema_c,6,46.22921510085661,17.70590312306607,2,all,far
sub_004,cb1,schema_c,7,204.17022764030565,56.050928437426315,2,all,far
sub_004,cb1,schema_c,8,45.84070996643581,11.89173169190101,2,all,far
sub_004,cb1,schema_c,1,148.00169703911075,8.177563472831375,2,all,near
sub_004,cb1,schema_c,2,178.56665914389646,NA,2,all,near
sub_004,cb1,schema_c,3,136.59369375962132,67.81581008489987,2,all,near
sub_004,cb1,schema_c,4,126.70534711114304,80.94083316939073,2,all,near
sub_004,cb1,schema_c,5,34.36178882150264,10.519607180809421,2,all,near
sub_004,cb1,schema_c,6,140.0485817948703,43.886335250926024,2,all,near
sub_004,cb1,schema_c,7,60.21528776259842,6.001806944625405,2,all,near
sub_004,cb1,schema_c,8,31.499687105939017,2.0181357044320953,2,all,near
sub_004,cb1,schema_ic,1,112.88728668183708,16.562422331624237,2,all,far
sub_004,cb1,schema_ic,2,27.10865649965013,7.602010117960803,2,all,far
sub_004,cb1,schema_ic,3,102.8637791222254,33.84399816294872,2,all,far
sub_004,cb1,schema_ic,4,113.96819529794729,20.552219912299268,2,all,far
sub_004,cb1,schema_ic,5,83.39624231525842,11.959362761243957,2,all,far
sub_004,cb1,schema_ic,6,110.01268346924401,109.91644223708059,2,all,far
sub_004,cb1,schema_ic,7,36.1606286512434,NA,2,all,far
sub_004,cb1,schema_ic,8,68.89529982319789,0.37834747119615886,2,all,far
sub_004,cb1,schema_ic,1,181.81853533158187,4.302044030757125,2,all,near
sub_004,cb1,schema_ic,2,41.050338773470024,34.78106038137169,2,all,near
sub_004,cb1,schema_ic,3,89.97524416678843,71.37436453194908,2,all,near
sub_004,cb1,schema_ic,4,21.894134813872803,24.968009724242403,2,all,near
sub_004,cb1,schema_ic,5,51.13166341259867,5.0631666383178215,2,all,near
sub_004,cb1,schema_ic,6,114.13690750248927,69.91791958877464,2,all,near
sub_004,cb1,schema_ic,7,93.94801906673031,105.35797769965262,2,all,near
sub_004,cb1,schema_ic,8,27.677009556369846,22.262896759387854,2,all,near
sub_004,cb1,schema_l,1,115.25091928825537,26.023261086130375,2,all,far
sub_004,cb1,schema_l,2,171.44201781204103,191.03692337661963,2,all,far
sub_004,cb1,schema_l,3,40.07362724066968,2.8171724626876613,2,all,far
sub_004,cb1,schema_l,4,32.12991424215343,27.247463326272115,2,all,far
sub_004,cb1,schema_l,5,72.2898405757519,35.12043472392618,2,all,far
sub_004,cb1,schema_l,6,164.44214402174387,87.43359737650572,2,all,far
sub_004,cb1,schema_l,7,160.48922176147795,72.36349344056795,2,all,far
sub_004,cb1,schema_l,8,157.544665385641,5.975740806431317,2,all,far
sub_004,cb1,schema_l,1,179.48096416447217,183.51370366253505,2,all,near
sub_004,cb1,schema_l,2,187.73336904745594,5.764262220027333,2,all,near
sub_004,cb1,schema_l,3,142.23398240558726,48.10510289825816,2,all,near
sub_004,cb1,schema_l,4,173.79309979422544,49.08106793445532,2,all,near
sub_004,cb1,schema_l,5,122.35648811121794,6.642773211285563,2,all,near
sub_004,cb1,schema_l,6,113.20056227649059,45.65036639864529,2,all,near
sub_004,cb1,schema_l,7,105.65617050491608,4.412731039846016,2,all,near
sub_004,cb1,schema_l,8,159.87761052283668,53.10504786528389,2,all,near
sub_001,cb5,schema_c,1,329.2893349707644,NA,1,1,all
sub_001,cb5,schema_c,2,50.681732414039296,NA,1,1,all
sub_001,cb5,schema_c,3,42.456012536368526,NA,1,1,all
sub_001,cb5,schema_c,4,34.851208737836934,NA,1,1,all
sub_001,cb5,schema_c,5,31.104619841565036,NA,1,1,all
sub_001,cb5,schema_c,6,23.1428417764172,NA,1,1,all
sub_001,cb5,schema_c,7,6.998696342054086,NA,1,1,all
sub_001,cb5,schema_c,8,20.030770092242616,NA,1,1,all
sub_001,cb5,schema_c,1,232.81160608312024,NA,1,2,all
sub_001,cb5,schema_c,2,46.81506356934649,NA,1,2,all
sub_001,cb5,schema_c,3,26.02736280344117,NA,1,2,all
sub_001,cb5,schema_c,4,256.0471792258254,NA,1,2,all
sub_001,cb5,schema_c,5,58.82390449045314,NA,1,2,all
sub_001,cb5,schema_c,6,13.639104699427786,NA,1,2,all
sub_001,cb5,schema_c,7,63.96368737027247,NA,1,2,all
sub_001,cb5,schema_c,8,44.816746892227165,NA,1,2,all
sub_001,cb5,schema_c,1,140.26227128958968,70.07573436906159,2,3,all
sub_001,cb5,schema_c,2,32.58426524599069,6.084764477778359,2,3,all
sub_001,cb5,schema_c,3,21.054538010567338,15.988266019657596,2,3,all
sub_001,cb5,schema_c,4,29.08080380937578,5.1369243320665605,2,3,all
sub_001,cb5,schema_c,5,30.824288036916535,1.526090110903105,2,3,all
sub_001,cb5,schema_c,6,36.666890407647585,23.24884594252605,2,3,all
sub_001,cb5,schema_c,7,15.627731646777791,15.558672795093653,2,3,all
sub_001,cb5,schema_c,8,40.59353183744786,5.390525291323747,2,3,all
sub_001,cb5,schema_c,1,279.9706560679722,44.47530427914829,2,4,all
sub_001,cb5,schema_c,2,165.07199710447316,138.54158266695953,2,4,all
sub_001,cb5,schema_c,3,57.57786706236069,35.54489461346897,2,4,all
sub_001,cb5,schema_c,4,17.101050343518743,NA,2,4,all
sub_001,cb5,schema_c,5,37.29670660136318,14.15286852083493,2,4,all
sub_001,cb5,schema_c,6,26.548521161325525,10.298392218092902,2,4,all
sub_001,cb5,schema_c,7,30.30481922479597,19.1789291278019,2,4,all
sub_001,cb5,schema_c,8,24.72318293793244,10.106410580390436,2,4,all
sub_001,cb5,schema_ic,1,189.51017584944688,NA,1,1,all
sub_001,cb5,schema_ic,2,208.74217171067346,NA,1,1,all
sub_001,cb5,schema_ic,3,154.18854286388557,NA,1,1,all
sub_001,cb5,schema_ic,4,124.55187373334968,NA,1,1,all
sub_001,cb5,schema_ic,5,13.280526175128802,NA,1,1,all
sub_001,cb5,schema_ic,6,27.327536487731223,NA,1,1,all
sub_001,cb5,schema_ic,7,28.559923852984646,NA,1,1,all
sub_001,cb5,schema_ic,8,20.431223054146347,NA,1,1,all
sub_001,cb5,schema_ic,1,216.4346626485711,NA,1,2,all
sub_001,cb5,schema_ic,2,7.651230018812743,NA,1,2,all
sub_001,cb5,schema_ic,3,21.609331220581105,NA,1,2,all
sub_001,cb5,schema_ic,4,21.994191183146093,NA,1,2,all
sub_001,cb5,schema_ic,5,35.20467931682919,NA,1,2,all
sub_001,cb5,schema_ic,6,15.433650598636126,NA,1,2,all
sub_001,cb5,schema_ic,7,14.372632702493348,NA,1,2,all
sub_001,cb5,schema_ic,8,8.635541141166618,NA,1,2,all
sub_001,cb5,schema_ic,1,158.29663300269354,87.71458064109179,2,3,all
sub_001,cb5,schema_ic,2,59.37477882121358,38.806025329649756,2,3,all
sub_001,cb5,schema_ic,3,48.66357663225067,18.446430975546946,2,3,all
sub_001,cb5,schema_ic,4,6.334489822716515,6.0610528700289485,2,3,all
sub_001,cb5,schema_ic,5,37.565933516099236,4.831062269264261,2,3,all
sub_001,cb5,schema_ic,6,22.2086476882333,13.087176748303806,2,3,all
sub_001,cb5,schema_ic,7,12.408254555217331,10.887372722899729,2,3,all
sub_001,cb5,schema_ic,8,1.768275280607435,0.37488609666106415,2,3,all
sub_001,cb5,schema_ic,1,153.73341853974208,5.953885886826614,2,4,all
sub_001,cb5,schema_ic,2,99.70118439863465,88.4810501915708,2,4,all
sub_001,cb5,schema_ic,3,44.309540909027504,14.162657866615694,2,4,all
sub_001,cb5,schema_ic,4,40.23102780671441,13.293885331802702,2,4,all
sub_001,cb5,schema_ic,5,31.36608372722906,39.726351987280275,2,4,all
sub_001,cb5,schema_ic,6,18.82379821649665,10.112786480174984,2,4,all
sub_001,cb5,schema_ic,7,14.299413335992188,14.732265286685294,2,4,all
sub_001,cb5,schema_ic,8,21.120311395736017,16.185189281520984,2,4,all
sub_001,cb5,schema_l,1,204.1243699876415,NA,1,1,all
sub_001,cb5,schema_l,2,47.86235783840535,NA,1,1,all
sub_001,cb5,schema_l,3,23.558616743169843,NA,1,1,all
sub_001,cb5,schema_l,4,25.06882372293448,NA,1,1,all
sub_001,cb5,schema_l,5,27.30371399373284,NA,1,1,all
sub_001,cb5,schema_l,6,38.6410846490049,NA,1,1,all
sub_001,cb5,schema_l,7,48.16857427671658,NA,1,1,all
sub_001,cb5,schema_l,8,35.89862877397356,NA,1,1,all
sub_001,cb5,schema_l,1,79.65409724251184,NA,1,2,all
sub_001,cb5,schema_l,2,43.81416959751184,NA,1,2,all
sub_001,cb5,schema_l,3,35.552912433716756,NA,1,2,all
sub_001,cb5,schema_l,4,7.11250360418406,NA,1,2,all
sub_001,cb5,schema_l,5,22.123097828277377,NA,1,2,all
sub_001,cb5,schema_l,6,2.2451798412446275,NA,1,2,all
sub_001,cb5,schema_l,7,13.833616935549836,NA,1,2,all
sub_001,cb5,schema_l,8,2.048678237188859,NA,1,2,all
sub_001,cb5,schema_l,1,177.68248113761368,53.42357558311317,2,3,all
sub_001,cb5,schema_l,2,80.61941941278579,32.82586726367117,2,3,all
sub_001,cb5,schema_l,3,96.7350814022396,106.48358147726641,2,3,all
sub_001,cb5,schema_l,4,110.3471484938765,119.97028261433005,2,3,all
sub_001,cb5,schema_l,5,36.61080105616753,16.470299073572676,2,3,all
sub_001,cb5,schema_l,6,23.52814548683589,15.687773883571005,2,3,all
sub_001,cb5,schema_l,7,22.773044753329344,12.89467185884162,2,3,all
sub_001,cb5,schema_l,8,32.70754507234817,13.283822405546927,2,3,all
sub_001,cb5,schema_l,1,143.40221087480364,91.63103845539048,2,4,all
sub_001,cb5,schema_l,2,62.96654890383467,19.225642102633532,2,4,all
sub_001,cb5,schema_l,3,29.080571771425056,15.401739085913487,2,4,all
sub_001,cb5,schema_l,4,94.49203707534937,44.171239055273986,2,4,all
sub_001,cb5,schema_l,5,35.1046241457384,31.059627785107843,2,4,all
sub_001,cb5,schema_l,6,51.977674484367654,31.972595083458494,2,4,all
sub_001,cb5,schema_l,7,34.208331889680146,11.93065105631488,2,4,all
sub_001,cb5,schema_l,8,89.763709003598,67.60682079355102,2,4,all
sub_001,cb5,random_loc,1,201.21418699448498,NA,1,1,all
sub_001,cb5,random_loc,2,69.46970327309282,NA,1,1,all
sub_001,cb5,random_loc,3,37.976460443958736,NA,1,1,all
sub_001,cb5,random_loc,4,16.3943297469449,NA,1,1,all
sub_001,cb5,random_loc,5,11.877328102379023,NA,1,1,all
sub_001,cb5,random_loc,6,18.33607231256363,NA,1,1,all
sub_001,cb5,random_loc,7,39.785663848320574,NA,1,1,all
sub_001,cb5,random_loc,8,20.323377496163438,NA,1,1,all
sub_001,cb5,random_loc,1,188.65939925432275,NA,1,2,all
sub_001,cb5,random_loc,2,32.52765922260551,NA,1,2,all
sub_001,cb5,random_loc,3,37.04244004519617,NA,1,2,all
sub_001,cb5,random_loc,4,16.65158181681107,NA,1,2,all
sub_001,cb5,random_loc,5,34.09009463175415,NA,1,2,all
sub_001,cb5,random_loc,6,25.699012422697358,NA,1,2,all
sub_001,cb5,random_loc,7,14.807679240919326,NA,1,2,all
sub_001,cb5,random_loc,8,22.918712103910924,NA,1,2,all
sub_001,cb5,random_loc,1,219.1515871221282,131.6344125131756,2,3,all
sub_001,cb5,random_loc,2,132.3970803499573,120.5475650463263,2,3,all
sub_001,cb5,random_loc,3,40.75639539799012,18.635226784500244,2,3,all
sub_001,cb5,random_loc,4,55.542191750583726,19.755308275680083,2,3,all
sub_001,cb5,random_loc,5,55.155945045560514,39.01407805198776,2,3,all
sub_001,cb5,random_loc,6,41.98950209436654,NA,2,3,all
sub_001,cb5,random_loc,7,80.08230881950627,16.62573193152211,2,3,all
sub_001,cb5,random_loc,8,106.38062388699824,27.80258408512447,2,3,all
sub_001,cb5,random_loc,1,151.32750654264635,81.5013695354564,2,4,all
sub_001,cb5,random_loc,2,45.18589410887298,0.5616103166888801,2,4,all
sub_001,cb5,random_loc,3,128.09421339047293,36.50038288479103,2,4,all
sub_001,cb5,random_loc,4,122.14658147922984,54.18938526003144,2,4,all
sub_001,cb5,random_loc,5,69.46071976362829,3.3791313708958084,2,4,all
sub_001,cb5,random_loc,6,37.30958916092655,5.597729206572816,2,4,all
sub_001,cb5,random_loc,7,61.24722656974238,31.229892475217753,2,4,all
sub_001,cb5,random_loc,8,50.21639218528997,27.321664860887793,2,4,all
sub_001,cb5,no_schema,1,194.02508020997772,NA,1,1,all
sub_001,cb5,no_schema,2,336.8595272891777,NA,1,1,all
sub_001,cb5,no_schema,3,75.87539456561845,NA,1,1,all
sub_001,cb5,no_schema,4,NA,NA,1,1,all
sub_001,cb5,no_schema,5,5.641409441644991,NA,1,1,all
sub_001,cb5,no_schema,6,31.03748540858749,NA,1,1,all
sub_001,cb5,no_schema,7,28.76272328011173,NA,1,1,all
sub_001,cb5,no_schema,8,33.008245189471694,NA,1,1,all
sub_001,cb5,no_schema,1,106.43624201606309,NA,1,2,all
sub_001,cb5,no_schema,2,86.15271790258247,NA,1,2,all
sub_001,cb5,no_schema,3,248.73098580997492,NA,1,2,all
sub_001,cb5,no_schema,4,314.7916997627192,NA,1,2,all
sub_001,cb5,no_schema,5,23.955235377719692,NA,1,2,all
sub_001,cb5,no_schema,6,24.170330252231828,NA,1,2,all
sub_001,cb5,no_schema,7,290.62614546355246,NA,1,2,all
sub_001,cb5,no_schema,8,9.153304840436219,NA,1,2,all
sub_001,cb5,no_schema,1,168.4488220045698,31.48432979337047,2,3,all
sub_001,cb5,no_schema,2,123.85583964923529,112.97995679127345,2,3,all
sub_001,cb5,no_schema,3,140.11125344388782,89.09551115941511,2,3,all
sub_001,cb5,no_schema,4,170.66286413475143,125.22239377459186,2,3,all
sub_001,cb5,no_schema,5,41.37736452213022,13.256194868728565,2,3,all
sub_001,cb5,no_schema,6,55.43932657158331,16.39651809290202,2,3,all
sub_001,cb5,no_schema,7,73.08942390349591,4.140835531912638,2,3,all
sub_001,cb5,no_schema,8,75.36819062459203,22.965987915665707,2,3,all
sub_001,cb5,no_schema,1,82.99894616610322,14.003627373540343,2,4,all
sub_001,cb5,no_schema,2,218.2440617730639,60.908728525347954,2,4,all
sub_001,cb5,no_schema,3,156.83220252008635,134.9973739166122,2,4,all
sub_001,cb5,no_schema,4,68.21172786637689,33.58911016908696,2,4,all
sub_001,cb5,no_schema,5,54.06744517686242,16.88525845459076,2,4,all
sub_001,cb5,no_schema,6,155.8426520453546,109.24733894207876,2,4,all
sub_001,cb5,no_schema,7,26.675860763020932,13.247117199157541,2,4,all
sub_001,cb5,no_schema,8,110.74962947911452,128.66372196334936,2,4,all
sub_002,cb3,schema_c,1,141.71662631057643,NA,1,1,all
sub_002,cb3,schema_c,2,97.04956361494658,NA,1,1,all
sub_002,cb3,schema_c,3,106.33845869605014,NA,1,1,all
sub_002,cb3,schema_c,4,2.3701894125918503,NA,1,1,all
sub_002,cb3,schema_c,5,18.96194340914355,NA,1,1,all
sub_002,cb3,schema_c,6,7.613248180084668,NA,1,1,all
sub_002,cb3,schema_c,7,21.479473872782883,NA,1,1,all
sub_002,cb3,schema_c,8,28.159850369836175,NA,1,1,all
sub_002,cb3,schema_c,1,214.96466327636162,NA,1,2,all
sub_002,cb3,schema_c,2,96.7294562556801,NA,1,2,all
sub_002,cb3,schema_c,3,34.149856625168006,NA,1,2,all
sub_002,cb3,schema_c,4,67.08246013317886,NA,1,2,all
sub_002,cb3,schema_c,5,30.226130376208122,NA,1,2,all
sub_002,cb3,schema_c,6,17.650961943178373,NA,1,2,all
sub_002,cb3,schema_c,7,20.521944535533937,NA,1,2,all
sub_002,cb3,schema_c,8,8.706690388404267,NA,1,2,all
sub_002,cb3,schema_c,1,180.4486261626733,70.8734864320153,2,3,all
sub_002,cb3,schema_c,2,220.36512216925962,184.32980292718815,2,3,all
sub_002,cb3,schema_c,3,156.08548949903295,212.83230196028998,2,3,all
sub_002,cb3,schema_c,4,44.93774238503921,38.41375002122528,2,3,all
sub_002,cb3,schema_c,5,27.73831303427515,12.914218987093518,2,3,all
sub_002,cb3,schema_c,6,29.389686287751747,19.136947296696995,2,3,all
sub_002,cb3,schema_c,7,31.99042606911287,19.71581001010944,2,3,all
sub_002,cb3,schema_c,8,20.314677695604296,3.416183875162329,2,3,all
sub_002,cb3,schema_c,1,112.73789364653842,122.22539905134347,2,4,all
sub_002,cb3,schema_c,2,97.81467094443185,53.143938243619075,2,4,all
sub_002,cb3,schema_c,3,175.7036738912534,54.30019188003597,2,4,all
sub_002,cb3,schema_c,4,82.70449710643672,102.01626190328365,2,4,all
sub_002,cb3,schema_c,5,34.64235565470159,20.850953584018466,2,4,all
sub_002,cb3,schema_c,6,42.0372874546691,23.694531075410676,2,4,all
sub_002,cb3,schema_c,7,40.33218163561551,NA,2,4,all
sub_002,cb3,schema_c,8,34.38233934914828,4.846182284704367,2,4,all
sub_002,cb3,schema_ic,1,151.58034890067896,NA,1,1,all
sub_002,cb3,schema_ic,2,377.8946310452843,NA,1,1,all
sub_002,cb3,schema_ic,3,22.07711593146991,NA,1,1,all
sub_002,cb3,schema_ic,4,11.72106747918305,NA,1,1,all
sub_002,cb3,schema_ic,5,23.784362990241352,NA,1,1,all
sub_002,cb3,schema_ic,6,34.05591428594397,NA,1,1,all
sub_002,cb3,schema_ic,7,14.859518762448618,NA,1,1,all
sub_002,cb3,schema_ic,8,20.086741220306557,NA,1,1,all
sub_002,cb3,schema_ic,1,284.76203363861896,NA,1,2,all
sub_002,cb3,schema_ic,2,254.1384530172519,NA,1,2,all
sub_002,cb3,schema_ic,3,13.391701796334667,NA,1,2,all
sub_002,cb3,schema_ic,4,15.799580358413102,NA,1,2,all
sub_002,cb3,schema_ic,5,28.636763774944143,NA,1,2,all
sub_002,cb3,schema_ic,6,20.26932385408929,NA,1,2,all
sub_002,cb3,schema_ic,7,33.703002306945194,NA,1,2,all
sub_002,cb3,schema_ic,8,18.36292601961771,NA,1,2,all
sub_002,cb3,schema_ic,1,164.61473209935446,50.616021778680846,2,3,all
sub_002,cb3,schema_ic,2,119.47620904404903,135.17574497264576,2,3,all
sub_002,cb3,schema_ic,3,17.674685604759308,13.560404180193272,2,3,all
sub_002,cb3,schema_ic,4,53.638858684369836,44.19078537501659,2,3,all
sub_002,cb3,schema_ic,5,29.421006896212457,3.9742660215960655,2,3,all
sub_002,cb3,schema_ic,6,54.70111675678652,34.42722193417866,2,3,all
sub_002,cb3,schema_ic,7,19.14909267869081,22.154668427900138,2,3,all
sub_002,cb3,schema_ic,8,34.463233078116346,11.839197210589493,2,3,all
sub_002,cb3,schema_ic,1,142.51084826987906,70.84119006470313,2,4,all
sub_002,cb3,schema_ic,2,75.49832909427761,90.49779039804609,2,4,all
sub_002,cb3,schema_ic,3,78.46020777406413,42.91954159920338,2,4,all
sub_002,cb3,schema_ic,4,25.210419511724645,10.968532493915577,2,4,all
sub_002,cb3,schema_ic,5,38.39870004437867,24.800834235727667,2,4,all
sub_002,cb3,schema_ic,6,34.08137495077091,14.040663157924774,2,4,all
sub_002,cb3,schema_ic,7,83.5428149552335,70.0212760358993,2,4,all
sub_002,cb3,schema_ic,8,29.628481632174893,NA,2,4,all
sub_002,cb3,schema_l,1,348.67064133002117,NA,1,1,all
sub_002,cb3,schema_l,2,NA,NA,1,1,all
sub_002,cb3,schema_l,3,207.4647873748417,NA,1,1,all
sub_002,cb3,schema_l,4,148.63797420406496,NA,1,1,all
sub_002,cb3,schema_l,5,71.28933475975408,NA,1,1,all
sub_002,cb3,schema_l,6,39.92881009356879,NA,1,1,all
sub_002,cb3,schema_l,7,58.64722819953455,NA,1,1,all
sub_002,cb3,schema_l,8,19.979611494928555,NA,1,1,all
sub_002,cb3,schema_l,1,327.15348107119684,NA,1,2,all
sub_002,cb3,schema_l,2,64.62700810808089,NA,1,2,all
sub_002,cb3,schema_l,3,119.51030364366896,NA,1,2,all
sub_002,cb3,schema_l,4,110.35770046535924,NA,1,2,all
sub_002,cb3,schema_l,5,178.06093634484222,NA,1,2,all
sub_002,cb3,schema_l,6,23.22011228443896,NA,1,2,all
sub_002,cb3,schema_l,7,28.755328671429808,NA,1,2,all
sub_002,cb3,schema_l,8,NA,NA,1,2,all
sub_002,cb3,schema_l,1,129.11482217102952,57.16232092453073,2,3,all
sub_002,cb3,schema_l,2,92.58905182775416,33.92979708555736,2,3,all
sub_002,cb3,schema_l,3,80.68831744642347,67.00071937914231,2,3,all
sub_002,cb3,schema_l,4,76.94713092036692,50.970020632132524,2,3,all
sub_002,cb3,schema_l,5,110.91883172744842,50.37720048224347,2,3,all
sub_002,cb3,schema_l,6,146.9292238830851,110.87847798477708,2,3,all
sub_002,cb3,schema_l,7,156.75226771361324,145.42183011938624,2,3,all
sub_002,cb3,schema_l,8,20.457722250537227,13.03972268232479,2,3,all
sub_002,cb3,schema_l,1,175.32329458887958,12.577965176699669,2,4,all
sub_002,cb3,schema_l,2,91.16039411621644,23.944687263285704,2,4,all
sub_002,cb3,schema_l,3,85.62723993410225,32.20272925575944,2,4,all
sub_002,cb3,schema_l,4,37.4403208542768,4.199280610055351,2,4,all
sub_002,cb3,schema_l,5,40.82712645047232,12.497977859584395,2,4,all
sub_002,cb3,schema_l,6,28.896873727832332,32.13797343486054,2,4,all
sub_002,cb3,schema_l,7,56.95139822778208,34.959128833332436,2,4,all
sub_002,cb3,schema_l,8,79.26715219065002,70.4046438536055,2,4,all
sub_002,cb3,random_loc,1,188.15381141632045,NA,1,1,all
sub_002,cb3,random_loc,2,244.4905044178368,NA,1,1,all
sub_002,cb3,random_loc,3,20.591955358544297,NA,1,1,all
sub_002,cb3,random_loc,4,255.39224831714898,NA,1,1,all
sub_002,cb3,random_loc,5,54.30035566631476,NA,1,1,all
sub_002,cb3,random_loc,6,42.95616079782132,NA,1,1,all
sub_002,cb3,random_loc,7,60.69787270150645,NA,1,1,all
sub_002,cb3,random_loc,8,58.630307866224626,NA,1,1,all
sub_002,cb3,random_loc,1,183.39713616085163,NA,1,2,all
sub_002,cb3,random_loc,2,87.25471077255344,NA,1,2,all
sub_002,cb3,random_loc,3,18.53527520707349,NA,1,2,all
sub_002,cb3,random_loc,4,12.180678429461683,NA,1,2,all
sub_002,cb3,random_loc,5,29.271389435794692,NA,1,2,all
sub_002,cb3,random_loc,6,32.351007356834394,NA,1,2,all
sub_002,cb3,random_loc,7,33.05455039781895,NA,1,2,all
sub_002,cb3,random_loc,8,17.63524140753262,NA,1,2,all
sub_002,cb3,random_loc,1,94.25531144343945,45.40019902371188,2,3,all
sub_002,cb3,random_loc,2,94.7540360479577,23.237783827999905,2,3,all
sub_002,cb3,random_loc,3,36.25950661357463,6.150865977442767,2,3,all
sub_002,cb3,random_loc,4,43.897218978981904,27.795550431945202,2,3,all
sub_002,cb3,random_loc,5,54.19761341056193,11.287263538641398,2,3,all
sub_002,cb3,random_loc,6,218.02913598894145,64.25941379925219,2,3,all
sub_002,cb3,random_loc,7,54.89147849082005,37.61815346579186,2,3,all
sub_002,cb3,random_loc,8,14.35410259818389,0.07917824075175037,2,3,all
sub_002,cb3,random_loc,1,190.75465544932223,75.05308243373544,2,4,all
sub_002,cb3,random_loc,2,109.16132160428725,42.17120243952165,2,4,all
sub_002,cb3,random_loc,3,56.788986265638286,31.044454606687278,2,4,all
sub_002,cb3,random_loc,4,60.13636744367523,32.89427313899686,2,4,all
sub_002,cb3,random_loc,5,104.46502897804297,0.922781240416037,2,4,all
sub_002,cb3,random_loc,6,110.98686288468282,15.369100267016417,2,4,all
sub_002,cb3,random_loc,7,149.68337942986253,43.38787767217925,2,4,all
sub_002,cb3,random_loc,8,96.1410118862537,6.287457829586692,2,4,all
sub_002,cb3,no_schema,1,356.5250655641035,NA,1,1,all
sub_002,cb3,no_schema,2,3.840231176411291,NA,1,1,all
sub_002,cb3,no_schema,3,23.655348242802962,NA,1,1,all
sub_002,cb3,no_schema,4,2.1931428335339334,NA,1,1,all
sub_002,cb3,no_schema,5,8.668217838072671,NA,1,1,all
sub_002,cb3,no_schema,6,22.65461874515396,NA,1,1,all
sub_002,cb3,no_schema,7,27.602318752023013,NA,1,1,all
sub_002,cb3,no_schema,8,5.123219250459739,NA,1,1,all
sub_002,cb3,no_schema,1,105.67200466916856,NA,1,2,all
sub_002,cb3,no_schema,2,281.67181270194715,NA,1,2,all
sub_002,cb3,no_schema,3,6.216968377013128,NA,1,2,all
sub_002,cb3,no_schema,4,16.948748354990148,NA,1,2,all
sub_002,cb3,no_schema,5,23.473270879891903,NA,1,2,all
sub_002,cb3,no_schema,6,5.883829178416149,NA,1,2,all
sub_002,cb3,no_schema,7,5.159403628403311,NA,1,2,all
sub_002,cb3,no_schema,8,14.192121786427188,NA,1,2,all
sub_002,cb3,no_schema,1,210.61530384773047,128.62074999694968,2,3,all
sub_002,cb3,no_schema,2,38.06876724472366,21.836090949517374,2,3,all
sub_002,cb3,no_schema,3,48.664254117749394,18.49657574654582,2,3,all
sub_002,cb3,no_schema,4,29.830384808172447,4.3663965594289715,2,3,all
sub_002,cb3,no_schema,5,24.25115965446199,7.269935202536163,2,3,all
sub_002,cb3,no_schema,6,40.641958946473544,39.40570524058417,2,3,all
sub_002,cb3,no_schema,7,16.690891600893643,0.20669338625208603,2,3,all
sub_002,cb3,no_schema,8,45.58857099232834,40.0719169029429,2,3,all
sub_002,cb3,no_schema,1,123.0708693646801,21.025257112055996,2,4,all
sub_002,cb3,no_schema,2,55.235278324054455,41.87673597491638,2,4,all
sub_002,cb3,no_schema,3,17.348619692133553,2.12264541075679,2,4,all
sub_002,cb3,no_schema,4,21.681174142928967,22.00238815566055,2,4,all
sub_002,cb3,no_schema,5,25.784914474651472,15.990132271316364,2,4,all
sub_002,cb3,no_schema,6,34.53207748267815,1.3559437469898112,2,4,all
sub_002,cb3,no_schema,7,33.556227453857076,22.734368962308867,2,4,all
sub_002,cb3,no_schema,8,27.980179510338644,1.9690272021549,2,4,all
sub_003,cb2,schema_c,1,79.37205103404827,NA,1,1,all
sub_003,cb2,schema_c,2,108.86459759881338,NA,1,1,all
sub_003,cb2,schema_c,3,10.534199559129421,NA,1,1,all
sub_003,cb2,schema_c,4,11.425737847139786,NA,1,1,all
sub_003,cb2,schema_c,5,36.44731622975226,NA,1,1,all
sub_003,cb2,schema_c,6,39.08724997171792,NA,1,1,all
sub_003,cb2,schema_c,7,25.635985164443408,NA,1,1,all
sub_003,cb2,schema_c,8,44.0337298028632,NA,1,1,all
sub_003,cb2,schema_c,1,460.1086974381727,NA,1,2,all
sub_003,cb2,schema_c,2,58.574520021524314,NA,1,2,all
sub_003,cb2,schema_c,3,10.504732064738878,NA,1,2,all
sub_003,cb2,schema_c,4,25.323180255488314,NA,1,2,all
sub_003,cb2,schema_c,5,3.1333920520664384,NA,1,2,all
sub_003,cb2,schema_c,6,28.913221815493912,NA,1,2,all
sub_003,cb2,schema_c,7,21.890837598227098,NA,1,2,all
sub_003,cb2,schema_c,8,23.885914170321243,NA,1,2,all
sub_003,cb2,schema_c,1,190.02757849496595,56.101971058631165,2,3,all
sub_003,cb2,schema_c,2,47.54456439984078,57.33072257562397,2,3,all
sub_003,cb2,schema_c,3,58.11369949786926,68.62969525159697,2,3,all
sub_003,cb2,schema_c,4,35.069963799970566,26.35176914595836,2,3,all
sub_003,cb2,schema_c,5,40.35824201857422,31.21855516074946,2,3,all
sub_003,cb2,schema_c,6,13.469078610166338,9.005945356857003,2,3,all
sub_003,cb2,schema_c,7,45.40503581777227,7.167742235739875,2,3,all
sub_003,cb2,schema_c,8,26.600747802199646,7.58528290256312,2,3,all
sub_003,cb2,schema_c,1,160.44824431043503,120.40071793549353,2,4,all
sub_003,cb2,schema_c,2,136.62975113874785,43.08910293231975,2,4,all
sub_003,cb2,schema_c,3,134.4241358402203,65.74103164085858,2,4,all
sub_003,cb2,schema_c,4,71.62639670602853,59.687139936552725,2,4,all
sub_003,cb2,schema_c,5,49.754863626101226,45.27609109762583,2,4,all
sub_003,cb2,schema_c,6,16.525694470208016,0.5658432106575628,2,4,all
sub_003,cb2,schema_c,7,30.689526899241937,8.49143458938395,2,4,all
sub_003,cb2,schema_c,8,44.170595184134974,30.176511994313053,2,4,all
sub_003,cb2,schema_ic,1,313.25524566715285,NA,1,1,all
sub_003,cb2,schema_ic,2,239.71794402586613,NA,1,1,all
sub_003,cb2,schema_ic,3,27.922977777957016,NA,1,1,all
sub_003,cb2,schema_ic,4,46.368990855832536,NA,1,1,all
sub_003,cb2,schema_ic,5,64.01407706894071,NA,1,1,all
sub_003,cb2,schema_ic,6,26.64592253963599,NA,1,1,all
sub_003,cb2,schema_ic,7,9.9013351619002,NA,1,1,all
sub_003,cb2,schema_ic,8,3.977145708706339,NA,1,1,all
sub_003,cb2,schema_ic,1,317.4174440240359,NA,1,2,all
sub_003,cb2,schema_ic,2,48.905259387431464,NA,1,2,all
sub_003,cb2,schema_ic,3,269.4764414948957,NA,1,2,all
sub_003,cb2,schema_ic,4,22.23800987615468,NA,1,2,all
sub_003,cb2,schema_ic,5,NA,NA,1,2,all
sub_003,cb2,schema_ic,6,15.538692295426701,NA,1,2,all
sub_003,cb2,schema_ic,7,11.882143462016991,NA,1,2,all
sub_003,cb2,schema_ic,8,7.821606021269106,NA,1,2,all
sub_003,cb2,schema_ic,1,78.96093011992897,35.595713522607944,2,3,all
sub_003,cb2,schema_ic,2,310.92690671731964,NA,2,3,all
sub_003,cb2,schema_ic,3,119.70191762096486,44.611390111939656,2,3,all
sub_003,cb2,schema_ic,4,58.450357062297755,25.415205794405516,2,3,all
sub_003,cb2,schema_ic,5,28.303790998742592,7.266326251358605,2,3,all
sub_003,cb2,schema_ic,6,7.5079588305198675,NA,2,3,all
sub_003,cb2,schema_ic,7,22.415236115893812,21.34240021013678,2,3,all
sub_003,cb2,schema_ic,8,32.22663238519925,18.44392168739179,2,3,all
sub_003,cb2,schema_ic,1,130.68769315171346,11.479701710042034,2,4,all
sub_003,cb2,schema_ic,2,94.52686799386557,82.3829687406627,2,4,all
sub_003,cb2,schema_ic,3,118.24694935558952,151.04301215275623,2,4,all
sub_003,cb2,schema_ic,4,165.51618624822243,NA,2,4,all
sub_003,cb2,schema_ic,5,44.91562634892432,20.38235396984377,2,4,all
sub_003,cb2,schema_ic,6,29.709268047096025,16.871347551276777,2,4,all
sub_003,cb2,schema_ic,7,49.6644910197451,40.381233233814086,2,4,all
sub_003,cb2,schema_ic,8,43.79024987609217,8.569662511627568,2,4,all
sub_003,cb2,schema_l,1,237.03125888369297,NA,1,1,all
sub_003,cb2,schema_l,2,255.62042575464952,NA,1,1,all
sub_003,cb2,schema_l,3,22.87511339836988,NA,1,1,all
sub_003,cb2,schema_l,4,39.66467493864385,NA,1,1,all
sub_003,cb2,schema_l,5,18.52672564130751,NA,1,1,all
sub_003,cb2,schema_l,6,41.63519620451285,NA,1,1,all
sub_003,cb2,schema_l,7,35.77737850916807,NA,1,1,all
sub_003,cb2,schema_l,8,52.364457774222025,NA,1,1,all
sub_003,cb2,schema_l,1,255.75945001260843,NA,1,2,all
sub_003,cb2,schema_l,2,130.08457953674582,NA,1,2,all
sub_003,cb2,schema_l,3,104.8432879146393,NA,1,2,all
sub_003,cb2,schema_l,4,31.2437146999513,NA,1,2,all
sub_003,cb2,schema_l,5,22.510366128785048,NA,1,2,all
sub_003,cb2,schema_l,6,16.565382451122375,NA,1,2,all
sub_003,cb2,schema_l,7,8.00864896545935,NA,1,2,all
sub_003,cb2,schema_l,8,22.56859728144293,NA,1,2,all
sub_003,cb2,schema_l,1,163.00689364193815,83.83120044114796,2,3,all
sub_003,cb2,schema_l,2,128.71112733063126,51.16083775260372,2,3,all
sub_003,cb2,schema_l,3,58.49956622834897,57.5168522624649,2,3,all
sub_003,cb2,schema_l,4,88.43418316670967,52.418708847756584,2,3,all
sub_003,cb2,schema_l,5,39.279476324230075,3.2936144857413985,2,3,all
sub_003,cb2,schema_l,6,42.669490936070886,21.076800124907862,2,3,all
sub_003,cb2,schema_l,7,37.019858969554484,32.680364911377296,2,3,all
sub_003,cb2,schema_l,8,18.963470610015975,3.612181728306078,2,3,all
sub_003,cb2,schema_l,1,109.20376440488675,29.788303301603946,2,4,all
sub_003,cb2,schema_l,2,216.45879096869334,46.54598891126304,2,4,all
sub_003,cb2,schema_l,3,187.0011955421774,4.41035039163949,2,4,all
sub_003,cb2,schema_l,4,72.1257775241498,57.22539770117874,2,4,all
sub_003,cb2,schema_l,5,45.811412129271275,29.571250758608244,2,4,all
sub_003,cb2,schema_l,6,43.99979371615974,18.182852907482786,2,4,all
sub_003,cb2,schema_l,7,28.888442077613337,18.303740400287943,2,4,all
sub_003,cb2,schema_l,8,55.686034576683895,30.095291412995287,2,4,all
sub_003,cb2,random_loc,1,99.75527335929806,NA,1,1,all
sub_003,cb2,random_loc,2,18.004049905181922,NA,1,1,all
sub_003,cb2,random_loc,3,13.113287649871838,NA,1,1,all
sub_003,cb2,random_loc,4,33.83769441005521,NA,1,1,all
sub_003,cb2,random_loc,5,13.829504256779462,NA,1,1,all
sub_003,cb2,random_loc,6,6.631284791673575,NA,1,1,all
sub_003,cb2,random_loc,7,32.51137590118697,NA,1,1,all
sub_003,cb2,random_loc,8,26.14572504231392,NA,1,1,all
sub_003,cb2,random_loc,1,323.2433691443659,NA,1,2,all
sub_003,cb2,random_loc,2,258.62728504703597,NA,1,2,all
sub_003,cb2,random_loc,3,103.78942357389207,NA,1,2,all
sub_003,cb2,random_loc,4,45.830981015038084,NA,1,2,all
sub_003,cb2,random_loc,5,55.119280390810445,NA,1,2,all
sub_003,cb2,random_loc,6,40.809321187699034,NA,1,2,all
sub_003,cb2,random_loc,7,27.93900849709562,NA,1,2,all
sub_003,cb2,random_loc,8,22.175663931453805,NA,1,2,all
sub_003,cb2,random_loc,1,123.09467896291483,17.812204392083185,2,3,all
sub_003,cb2,random_loc,2,98.2190029068002,43.0000891192034,2,3,all
sub_003,cb2,random_loc,3,110.57098359901822,71.5344481712327,2,3,all
sub_003,cb2,random_loc,4,28.268233266839857,3.503500637154378,2,3,all
sub_003,cb2,random_loc,5,48.389899803287534,19.79343602882204,2,3,all
sub_003,cb2,random_loc,6,27.960082023719718,0.8741308398720402,2,3,all
sub_003,cb2,random_loc,7,23.847307654547784,5.223343137319039,2,3,all
sub_003,cb2,random_loc,8,61.55552949863413,68.55658286814659,2,3,all
sub_003,cb2,random_loc,1,167.13812933170405,93.25137079947675,2,4,all
sub_003,cb2,random_loc,2,175.27794631281517,59.0483416931257,2,4,all
sub_003,cb2,random_loc,3,151.79317722686758,50.989355788536024,2,4,all
sub_003,cb2,random_loc,4,109.56366189410176,13.59688636027695,2,4,all
sub_003,cb2,random_loc,5,101.9661624087123,56.038007470506926,2,4,all
sub_003,cb2,random_loc,6,21.620606654878266,21.68432198004915,2,4,all
sub_003,cb2,random_loc,7,23.477093003766942,30.038998271735522,2,4,all
sub_003,cb2,random_loc,8,45.05787009118753,31.431228812690577,2,4,all
sub_003,cb2,no_schema,1,191.6712696528918,NA,1,1,all
sub_003,cb2,no_schema,2,20.424418237775157,NA,1,1,all
sub_003,cb2,no_schema,3,11.20479742572629,NA,1,1,all
sub_003,cb2,no_schema,4,24.994386576820855,NA,1,1,all
sub_003,cb2,no_schema,5,13.770461515561578,NA,1,1,all
sub_003,cb2,no_schema,6,11.87107768282065,NA,1,1,all
sub_003,cb2,no_schema,7,5.949053315575723,NA,1,1,all
sub_003,cb2,no_schema,8,14.119489557047114,NA,1,1,all
sub_003,cb2,no_schema,1,157.3554700590975,NA,1,2,all
sub_003,cb2,no_schema,2,46.91541812154647,NA,1,2,all
sub_003,cb2,no_schema,3,30.23775921789727,NA,1,2,all
sub_003,cb2,no_schema,4,19.806727582302212,NA,1,2,all
sub_003,cb2,no_schema,5,24.413627496124604,NA,1,2,all
sub_003,cb2,no_schema,6,41.49766809737062,NA,1,2,all
sub_003,cb2,no_schema,7,20.21819001591219,NA,1,2,all
sub_003,cb2,no_schema,8,20.380985808334476,NA,1,2,all
sub_003,cb2,no_schema,1,143.40398872978233,56.0021434728031,2,3,all
sub_003,cb2,no_schema,2,155.0523297296459,103.13584643124726,2,3,all
sub_003,cb2,no_schema,3,100.1709905638964,12.845155786016827,2,3,all
sub_003,cb2,no_schema,4,42.886998445533095,29.772775222292744,2,3,all
sub_003,cb2,no_schema,5,41.32966019790058,4.974859708939541,2,3,all
sub_003,cb2,no_schema,6,40.121985810457176,10.76556663731315,2,3,all
sub_003,cb2,no_schema,7,19.71525482092823,3.447126769240834,2,3,all
sub_003,cb2,no_schema,8,18.495651791638153,11.459211158558388,2,3,all
sub_003,cb2,no_schema,1,80.00867156733496,81.45484377271383,2,4,all
sub_003,cb2,no_schema,2,65.6258114296565,17.161016851425043,2,4,all
sub_003,cb2,no_schema,3,61.664756233296394,4.538494062222539,2,4,all
sub_003,cb2,no_schema,4,27.038303959857025,1.7532081808281244,2,4,all
sub_003,cb2,no_schema,5,37.664082192401985,18.433168506378333,2,4,all
sub_003,cb2,no_schema,6,24.85019381659869,26.455608772650137,2,4,all
sub_003,cb2,no_schema,7,22.056579136963816,13.367755403442548,2,4,all
sub_003,cb2,no_schema,8,30.685959778209416,4.886626746211627,2,4,all
sub_004,cb1,schema_c,1,227.73599994060078,NA,1,1,all
sub_004,cb1,schema_c,2,260.58467562185103,NA,1,1,all
sub_004,cb1,schema_c,3,50.35000664295202,NA,1,1,all
sub_004,cb1,schema_c,4,23.79334295439194,NA,1,1,all
sub_004,cb1,schema_c,5,33.345933694309906,NA,1,1,all
sub_004,cb1,schema_c,6,41.45873000883303,NA,1,1,all
sub_004,cb1,schema_c,7,30.376255841451435,NA,1,1,all
sub_004,cb1,schema_c,8,23.210949333133975,NA,1,1,all
sub_004,cb1,schema_c,1,201.30454454214467,NA,1,2,all
sub_004,cb1,schema_c,2,257.2675303129416,NA,1,2,all
sub_004,cb1,schema_c,3,296.36638689014706,NA,1,2,all
sub_004,cb1,schema_c,4,98.78079091260766,NA,1,2,all
sub_004,cb1,schema_c,5,29.61425380319944,NA,1,2,all
sub_004,cb1,schema_c,6,187.68421191810543,NA,1,2,all
sub_004,cb1,schema_c,7,208.4398615987842,NA,1,2,all
sub_004,cb1,schema_c,8,29.213454149078512,NA,1,2,all
sub_004,cb1,schema_c,1,200.80164357242916,82.84796395282454,2,3,all
sub_004,cb1,schema_c,2,62.587167729919884,NA,2,3,all
sub_004,cb1,schema_c,3,71.74664680347757,23.89176320032354,2,3,all
sub_004,cb1,schema_c,4,77.39236453342309,11.201744406911025,2,3,all
sub_004,cb1,schema_c,5,38.11997361089789,5.2047312817423945,2,3,all
sub_004,cb1,schema_c,6,83.88271790186148,35.54419120896836,2,3,all
sub_004,cb1,schema_c,7,149.8877943014465,132.81788186385438,2,3,all
sub_004,cb1,schema_c,8,35.17935519746963,3.1857008156420292,2,3,all
sub_004,cb1,schema_c,1,201.77718963568327,67.87246748053545,2,4,all
sub_004,cb1,schema_c,2,114.95775373118116,89.95657672236936,2,4,all
sub_004,cb1,schema_c,3,126.24393601667214,82.45257785225455,2,4,all
sub_004,cb1,schema_c,4,159.56817856297874,34.465771232223545,2,4,all
sub_004,cb1,schema_c,5,102.80889535432377,107.31843354472112,2,4,all
sub_004,cb1,schema_c,6,102.39507899386541,97.13642958296045,2,4,all
sub_004,cb1,schema_c,7,114.49772110145759,70.76514648180266,2,4,all
sub_004,cb1,schema_c,8,42.161041874905195,17.095568211975134,2,4,all
sub_004,cb1,schema_ic,1,277.08014078772464,NA,1,1,all
sub_004,cb1,schema_ic,2,45.39580838519469,NA,1,1,all
sub_004,cb1,schema_ic,3,102.99013020161355,NA,1,1,all
sub_004,cb1,schema_ic,4,24.53151124462805,NA,1,1,all
sub_004,cb1,schema_ic,5,49.1062118671896,NA,1,1,all
sub_004,cb1,schema_ic,6,186.7663096464277,NA,1,1,all
sub_004,cb1,schema_ic,7,70.50685724768417,NA,1,1,all
sub_004,cb1,schema_ic,8,326.71491976024805,NA,1,1,all
sub_004,cb1,schema_ic,1,61.36777679140994,NA,1,2,all
sub_004,cb1,schema_ic,2,366.1078917523089,NA,1,2,all
sub_004,cb1,schema_ic,3,114.17607412816537,NA,1,2,all
sub_004,cb1,schema_ic,4,296.80031317928274,NA,1,2,all
sub_004,cb1,schema_ic,5,38.18913822437359,NA,1,2,all
sub_004,cb1,schema_ic,6,57.78303408718092,NA,1,2,all
sub_004,cb1,schema_ic,7,159.28685100572588,NA,1,2,all
sub_004,cb1,schema_ic,8,164.3016118402991,NA,1,2,all
sub_004,cb1,schema_ic,1,143.0182126884817,59.17398653708128,2,3,all
sub_004,cb1,schema_ic,2,49.064175915352834,23.447783208671776,2,3,all
sub_004,cb1,schema_ic,3,133.61982052796085,9.651612717950844,2,3,all
sub_004,cb1,schema_ic,4,69.49238251606978,42.346077721398565,2,3,all
sub_004,cb1,schema_ic,5,73.2823258496173,26.26260059566219,2,3,all
sub_004,cb1,schema_ic,6,126.21640878689706,87.00091413188737,2,3,all
sub_004,cb1,schema_ic,7,102.30399410074956,93.5408444796916,2,3,all
sub_004,cb1,schema_ic,8,56.29104335475725,18.203457912493736,2,3,all
sub_004,cb1,schema_ic,1,151.68760932493723,38.30952017469991,2,4,all
sub_004,cb1,schema_ic,2,19.09481935776732,3.731267054739111,2,4,all
sub_004,cb1,schema_ic,3,59.21920276105296,27.878753651049518,2,4,all
sub_004,cb1,schema_ic,4,66.36994759575032,87.86630735794024,2,4,all
sub_004,cb1,schema_ic,5,61.245579878239795,19.366404472736054,2,4,all
sub_004,cb1,schema_ic,6,97.93318218483621,92.83344769396787,2,4,all
sub_004,cb1,schema_ic,7,19.448678583204888,NA,2,4,all
sub_004,cb1,schema_ic,8,40.2812660248105,40.088007200685425,2,4,all
sub_004,cb1,schema_l,1,207.67969940257836,NA,1,1,all
sub_004,cb1,schema_l,2,27.11142598509552,NA,1,1,all
sub_004,cb1,schema_l,3,79.32014667753276,NA,1,1,all
sub_004,cb1,schema_l,4,206.4414218826864,NA,1,1,all
sub_004,cb1,schema_l,5,87.37507893527372,NA,1,1,all
sub_004,cb1,schema_l,6,166.09625799200086,NA,1,1,all
sub_004,cb1,schema_l,7,77.23744667546508,NA,1,1,all
sub_004,cb1,schema_l,8,52.16558414266357,NA,1,1,all
sub_004,cb1,schema_l,1,184.67661042875224,NA,1,2,all
sub_004,cb1,schema_l,2,77.99647709642484,NA,1,2,all
sub_004,cb1,schema_l,3,287.09016517368394,NA,1,2,all
sub_004,cb1,schema_l,4,127.90345651878657,NA,1,2,all
sub_004,cb1,schema_l,5,345.0352977442353,NA,1,2,all
sub_004,cb1,schema_l,6,212.25937950878196,NA,1,2,all
sub_004,cb1,schema_l,7,351.4200840012607,NA,1,2,all
sub_004,cb1,schema_l,8,37.62787117886322,NA,1,2,all
sub_004,cb1,schema_l,1,203.04722168528693,150.18598266222187,2,3,all
sub_004,cb1,schema_l,2,114.08391589359655,109.92031773157719,2,3,all
sub_004,cb1,schema_l,3,73.15006171254174,49.59431468775409,2,3,all
sub_004,cb1,schema_l,4,129.9477180444243,111.08780145244985,2,3,all
sub_004,cb1,schema_l,5,87.25479055952326,56.28406995121066,2,3,all
sub_004,cb1,schema_l,6,124.04875016695277,30.308711956782112,2,3,all
sub_004,cb1,schema_l,7,109.04847369302382,0.38471013645746693,2,3,all
sub_004,cb1,schema_l,8,142.04841164727,27.890753009210343,2,3,all
sub_004,cb1,schema_l,1,91.6846617674406,59.350982086443565,2,4,all
sub_004,cb1,schema_l,2,245.0914709659004,86.88086786506975,2,4,all
sub_004,cb1,schema_l,3,109.15754793371518,94.8822451233246,2,4,all
sub_004,cb1,schema_l,4,75.97529599195455,89.25419684426664,2,4,all
sub_004,cb1,schema_l,5,107.3915381274466,14.520862015998915,2,4,all
sub_004,cb1,schema_l,6,153.5939561312817,102.7752518183689,2,4,all
sub_004,cb1,schema_l,7,157.0969185733702,77.16093461687143,2,4,all
sub_004,cb1,schema_l,8,175.37386426120767,31.190035662504865,2,4,all
sub_004,cb1,random_loc,1,184.91253475038542,NA,1,1,all
sub_004,cb1,random_loc,2,216.98377360487697,NA,1,1,all
sub_004,cb1,random_loc,3,228.3336823769382,NA,1,1,all
sub_004,cb1,random_loc,4,217.9071373494051,NA,1,1,all
sub_004,cb1,random_loc,5,204.4516030942592,NA,1,1,all
sub_004,cb1,random_loc,6,152.17410426157434,NA,1,1,all
sub_004,cb1,random_loc,7,261.687472011582,NA,1,1,all
sub_004,cb1,random_loc,8,246.43943578050266,NA,1,1,all
sub_004,cb1,random_loc,1,194.04606915143887,NA,1,2,all
sub_004,cb1,random_loc,2,19.44548670321728,NA,1,2,all
sub_004,cb1,random_loc,3,13.266572772385489,NA,1,2,all
sub_004,cb1,random_loc,4,95.36149355544407,NA,1,2,all
sub_004,cb1,random_loc,5,85.48319690515207,NA,1,2,all
sub_004,cb1,random_loc,6,1.887975933374152,NA,1,2,all
sub_004,cb1,random_loc,7,7.4625366414510825,NA,1,2,all
sub_004,cb1,random_loc,8,32.47790715432569,NA,1,2,all
sub_004,cb1,random_loc,1,158.02760069993036,148.0468618900518,2,3,all
sub_004,cb1,random_loc,2,127.39312937877989,86.98717379940685,2,3,all
sub_004,cb1,random_loc,3,134.02636551135512,155.8353924886083,2,3,all
sub_004,cb1,random_loc,4,108.7697880226768,62.166037017403816,2,3,all
sub_004,cb1,random_loc,5,168.97198796760034,77.91433546530172,2,3,all
sub_004,cb1,random_loc,6,167.0512316625354,133.8084446382409,2,3,all
sub_004,cb1,random_loc,7,61.860362088790595,39.321237085482856,2,3,all
sub_004,cb1,random_loc,8,111.83290448975183,74.64957419983989,2,3,all
sub_004,cb1,random_loc,1,129.3004658465636,54.81454895020026,2,4,all
sub_004,cb1,random_loc,2,173.08970999387452,20.16287557278084,2,4,all
sub_004,cb1,random_loc,3,133.1143403509932,61.77707300229193,2,4,all
sub_004,cb1,random_loc,4,90.73510977493709,44.06736089387315,2,4,all
sub_004,cb1,random_loc,5,117.5791474363736,97.53046069901274,2,4,all
sub_004,cb1,random_loc,6,151.41168681024473,182.19010101386775,2,4,all
sub_004,cb1,random_loc,7,129.60445947240433,66.50227069523591,2,4,all
sub_004,cb1,random_loc,8,101.20976795388795,69.133518132169,2,4,all
sub_004,cb1,no_schema,1,325.1967027935746,NA,1,1,all
sub_004,cb1,no_schema,2,73.27573273473627,NA,1,1,all
sub_004,cb1,no_schema,3,319.37402916926806,NA,1,1,all
sub_004,cb1,no_schema,4,301.3149647923457,NA,1,1,all
sub_004,cb1,no_schema,5,108.78945494767633,NA,1,1,all
sub_004,cb1,no_schema,6,113.31932980658021,NA,1,1,all
sub_004,cb1,no_schema,7,189.2867084816377,NA,1,1,all
sub_004,cb1,no_schema,8,215.86487789312207,NA,1,1,all
sub_004,cb1,no_schema,1,221.06854345048802,NA,1,2,all
sub_004,cb1,no_schema,2,324.9258150383258,NA,1,2,all
sub_004,cb1,no_schema,3,268.73843747837844,NA,1,2,all
sub_004,cb1,no_schema,4,41.539938954219856,NA,1,2,all
sub_004,cb1,no_schema,5,28.39763904482752,NA,1,2,all
sub_004,cb1,no_schema,6,12.132895504384454,NA,1,2,all
sub_004,cb1,no_schema,7,39.48818213491617,NA,1,2,all
sub_004,cb1,no_schema,8,12.748319627320006,NA,1,2,all
sub_004,cb1,no_schema,1,137.44242853462833,115.3711046295929,2,3,all
sub_004,cb1,no_schema,2,33.066257196152286,29.455496117382353,2,3,all
sub_004,cb1,no_schema,3,166.9615682354577,144.24421720179464,2,3,all
sub_004,cb1,no_schema,4,69.70888588660107,25.446113423133482,2,3,all
sub_004,cb1,no_schema,5,180.29607884793793,135.24750740979147,2,3,all
sub_004,cb1,no_schema,6,288.39499004245135,38.3354003275572,2,3,all
sub_004,cb1,no_schema,7,118.17839643782494,115.30464469054961,2,3,all
sub_004,cb1,no_schema,8,131.87086821198028,49.37577053051804,2,3,all
sub_004,cb1,no_schema,1,101.36199993111545,121.84510780648692,2,4,all
sub_004,cb1,no_schema,2,107.57618774162887,78.01011084084513,2,4,all
sub_004,cb1,no_schema,3,128.34917265079898,55.89416441951801,2,4,all
sub_004,cb1,no_schema,4,132.44294119842385,47.50631547349262,2,4,all
sub_004,cb1,no_schema,5,56.77208684654304,6.222994988143725,2,4,all
sub_004,cb1,no_schema,6,80.61989643782549,57.916928252056834,2,4,all
sub_004,cb1,no_schema,7,71.5554943536862,72.69512749864654,2,4,all
sub_004,cb1,no_schema,8,95.14621437724873,27.161758702311076,2,4,all
